"X1","X2"
"","     NA"
"AMERICAN TIMBER","0007700"
"AMERICAN TIMBER CO","0007700"
"AMERICAN TIMBER CO.","0007700"
"AMERICAN TIMBER COMPANY","0007700"
"AMERICAN TMBR CO","0007700"
"ANDERSON & MANUS INC.","0071406"
"ANDERSON LOGGING","0070024"
"ANDERSON LOGGING","     NA"
"ARLEIGH MASTERS","0070029"
"ARLIE BURK","0070026"
"B & H LOGGING","0071757"
"BAILEY & SONS","0071533"
"BEAMIS LOGGING","0071567"
"BEAMIS LOGGONG","     NA"
"BENNETT LUMBER","0006100"
"BENNETT LUMBER PROD","0006100"
"BENNETT LUMBER PRODUCTS","0006100"
"BIG SKY CONTRACTORS","0070468"
"BILL PLUID","0071739"
"BILL PLUID LOGGING","0071739"
"BILL PLUID LOGGING","     NA"
"BILLIE LYLE CRANER","     NA"
"BILLIE LYLE CRANER","0000000"
"BLACKTAIL LOGGING","0000000"
"BOB MULLEN","0071620"
"BOLLER LOGGING","0048040"
"BORDER LUMBER","0070057"
"BORDER LUMBER CO","0070057"
"BORDER LUMBER COMPANY","0070057"
"BROOK & CHILCOTE LOGGING","0050790"
"BROOKS & CHILCOTE LOGGING","0050790"
"BRUCE D. NELSON","0071483"
"BRUCE NELSON","     NA"
"BUCKY ARNOLD","0050750"
"BUCKY ARNOLD","     NA"
"C & S LOGGING","     NA"
"C & S LOGGING","0071847"
"C & S LOGGING","0071249"
"C&S EQUIPMENT INC","0000000"
"CAL'S LOGGING","0000000"
"CAL'S LOGGING","0071697"
"CAL'S LOGGING","     NA"
"CANAVAN LOGGING","0070492"
"CANYON LOGGING","0070072"
"CARL SCHROEDER","0071580"
"CARNEY POLE","     NA"
"CARNEY PRODUCTS CO. LTD","     NA"
"CEDA PINE VENEER","0070498"
"CEDA PINE VENEER INC","0070498"
"CEDA-PINE","0070498"
"CEDA-PINE VENEER","0070498"
"CEDA-PINE VENEER","     NA"
"CEDA-PINE VENEER INC.","0070498"
"CEDAR-PINE VENEER INC","0070498"
"CENTER STAR LOGGING","0071631"
"CHAMPION","0000518"
"CHAMPION INT'L CORP","0000518"
"CHAMPION INT'L CORP.","0000509"
"CHAMPION INT'L CORP.","0000518"
"CHAMPION INTERNAT'L CORP","0000518"
"CHAMPION INTERNAT'L CORP.","0000518"
"CHAMPION INTERNATION CORP","0000518"
"CHAMPION INTERNATIONAL","0000509"
"CHAMPION INTERNATIONAL","0000518"
"CHAMPION INTERNATL CORP.","0000518"
"CHAMPION INTERNL CORP","0000518"
"CHAMPION INTERNL INC","0000518"
"CHAMPION INTL","0000518"
"CHAMPION INTL CORP","0000518"
"CHAMPION INTNL","0000518"
"CHAMPION INTNL CORP","0000518"
"CHARLES HARRIS","     NA"
"CHARLES M. ROLAND","0070753"
"CHARLES NEWTON","0070306"
"CHARLES PURDY","     NA"
"CHARLES R NEWTON","0070306"
"CHARLES R. NEWTON","0070306"
"CHAS NEWTON","0070306"
"CHAS NEWTON LOGGING","0070306"
"CHAS PURDY LOGGING","0071417"
"COLUMBIA HELICOPTERS","0011200"
"COLUMBIA HELICOPTERS INC","0011200"
"CONNOLLY LOGGING","0070655"
"CONNORS LOGGING","0070796"
"CONNORS LOGGING INC","0070796"
"CURTIS YANZICK","     NA"
"D.A.W.","0043750"
"D.A.W. FOREST PRODUCTS CO","0043750"
"D&L LOGGING","0071511"
"DALE DIMICO","0050970"
"DALE DIMICO","0005097"
"DALE DOMICO","0050970"
"DAN BROWN","     NA"
"DAN CONDON","     NA"
"DAN PATTIE","0071056"
"DANIEL CONDON","0071617"
"DANIEL L PATTIE","0071056"
"DANIEL L. PATTIE","0071056"
"DANIEL PATTIE","0071056"
"DARRILL BRAZINGTON","0047650"
"DAUGHERTY LOGGING","0070111"
"DAVID BROOK","0000000"
"DAVID JONES","0070866"
"DAVID WEINGART","0070419"
"DAW","0043751"
"DAW","0043750"
"DAW FOREST PRODUCTS","     NA"
"DAW FOREST PRODUCTS","0043750"
"DAW FOREST PRODUCTS","0043752"
"DAW FOREST PRODUCTS","0000110"
"DAW FOREST PRODUCTS","0043751"
"DAW FOREST PRODUCTS CO","0043752"
"DAW FOREST PRODUCTS CO","0043750"
"DAW FOREST PRODUCTS CO","     NA"
"DAW FOREST PRODUCTS CO","0043751"
"DAW FOREST PRODUCTS CO LP","     NA"
"DAW FOREST PRODUCTS CO LP","0043752"
"DAW FOREST PRODUCTS CO LP","0043750"
"DAW FOREST PRODUCTS CO LP","0043751"
"DAW FOREST PRODUCTS CO,LP","0043752"
"DAW FOREST PRODUCTS CO.","0043751"
"DAW FOREST PRODUCTS CO.","0043750"
"DAW FOREST PRODUCTS LP","0043750"
"DAW FOREST PRODUCTS, INC.","0043750"
"DAY LOGGING","0070550"
"DECKER LOGGING","0070118"
"DELBERT JEPSON","     NA"
"DENNIS HOERNER","     NA"
"DENNIS HOERNER","0071563"
"DENNIS HOERNER","0000000"
"DENNIS WHEELER","0071663"
"DON CARVEY","0070882"
"DON PLUID","0070335"
"DON PLUID LOGGING","0070335"
"DON PLUID LOGGING","0070564"
"DONALD CARVEY","0070882"
"DONALD HUMPGREY LOGGING","0070207"
"DONALD PLUID LOGGING","0070335"
"DOUG HIGGINS","0071484"
"DOUG HIGGINS","0071443"
"E M LOGGING","0071374"
"E M LOGGING","0070573"
"EDWARDS FOREST","0070898"
"EDWARDS FOREST IND","0070898"
"EDWARDS FOREST IND INC","0000000"
"EDWARDS FOREST IND.","0070898"
"EDWARDS FOREST INDUSTRIES","0070898"
"EDWARDS FOREST PRODUCTS","0070898"
"EMPIRE FOREST","     NA"
"ERROL MCNEARNEY","     NA"
"ERROL MCNEARNEY","0050960"
"EUGENE SINES","0070369"
"EVERGREEN LOGGING","     NA"
"EVERHART LOGGING","0070907"
"EVERHART LOGGING INC","     NA"
"F H STOLTZ","0006000"
"F H STOLTZE","0006000"
"F H STOLTZE","0006001"
"F H STOLTZE LAND & LUMBER","0006000"
"F. H. STOLTZ","0006000"
"F. H. STOLTZE","0006000"
"F.H.STOLTZE LAND & LBR CO","0006000"
"F.H.STOLTZE LAND &LMBR CO","0006001"
"F.H.STOLTZE LND.&LMBR. CO","0006000"
"FOUST, INC.","0050070"
"FOUSTS","0050070"
"FOUSTS, INC","0050070"
"FOUSTS, INC.","0050070"
"FRANK ZIMMERMAN","0070915"
"GARY DOYLE","0070136"
"GARY E. PATTIE","0070604"
"GARY FINNEY","0070195"
"GARY REGEHR","0070459"
"GEM STATE LUMBER","0050310"
"GEM STATE LUMBER CO.","0046900"
"GENE DAWE","0000000"
"GENE WISE LOGGING","0070928"
"GENWOVE U.S. LTD","0071661"
"GENWOVE US LTD","0043010"
"GEORGE HENSLEY","0070195"
"GEORGE HENSLEY","     NA"
"GERALD KELLER","     NA"
"GLEN ERICKSON","0070616"
"GLEN FODGE","0050320"
"GLEN FODGE LOGGING","     NA"
"GLEN ISAAC","0070933"
"GREG & PAT DIRKS","0070188"
"H. DALE DIMICO","0050970"
"HAROLD WINSLOW","0070431"
"HIGLE & NEWTON","0071528"
"HIGLE CONSTRUCTION","0071528"
"HOERNER LOGGING","0071563"
"HOERNER LOGGING","0071611"
"I F I","0004100"
"IDAHO FOREST IND","0004100"
"IDAHO FOREST IND.","     NA"
"IDAHO FOREST INDUSTRIES","     NA"
"IDAHO FOREST INDUSTRIES","0004100"
"IDAHO VENEER","0041130"
"IDAHO VENEER","     NA"
"IDAHO VENEER CO","0041130"
"IDAHO VENEER COMPANY","0041130"
"IDAHO VENEER INC.","0041130"
"INDEPENDANCE CONST","0071794"
"INDUSTRIAL WOOD PRODUCTS","0071654"
"INLAND FOREST MGMT","     NA"
"J D LUMBER","0047740"
"J H HESTER","0050840"
"J P STIPPICH LOGGING","0070950"
"J. D. LUMBER","0047748"
"J.D. LUMBER","0070212"
"J.D. LUMBER CO","0070212"
"J.D. LUMBER CO.","0070212"
"J.D. LUMBER, INC.","0047740"
"JAMES DAUGHERTY","0070111"
"JAMES L. NORTON","     NA"
"JAMES L. NORTON","0070312"
"JAMES NORTON","     NA"
"JC LOGGING","0071266"
"JD LUMBER","0070212"
"JERRY EVERHART","0070907"
"JOE H HESTER","0050840"
"JOE HESTER","0050840"
"JOHN NELSON","0071188"
"JOHN NELSON","     NA"
"JOHN RADAR","0050800"
"JOHN WUENNECKE","0071441"
"JOHNNIE FOOTE","     NA"
"JUSTUS LOGGING","0000000"
"K & A LOGGING","0071429"
"K & R LOGGING","0000000"
"KEARNEY LOGGIN & SAWMILL","0482790"
"KEARNEY LOGGING","0070242"
"KEARNEY LOGGING & SAWMILL","0070242"
"KEITH D. BAKER","0071630"
"KEITH MUELLER","0070683"
"KEITH ROTH LOGGING","     NA"
"KELLER LOGGING","0071297"
"KELLER LOGGING","0071793"
"KELLOGG TRANSFER","0050000"
"KELLOGG TRANSFER","     NA"
"KELLOGG TRANSFER INC","0050000"
"KELLOGG TRANSFER, INC.","0050000"
"KELLOGG TRANSFER, INC.","     NA"
"KELLOGG-TRANSFER","0050000"
"KIM TAYLOR","     NA"
"KING ENTERPRISES","     NA"
"KOOTENAI LOG HOMES","0070253"
"KOOTENAI LOGGING OF LIBBY","0070588"
"KURT SPENCER, MIKE VINION","0070986"
"L P CORP","0000110"
"L-P CORP","0000110"
"L-P CORP.","0000110"
"L-P CORPORATION","0000119"
"L-P CORPORATION","0000110"
"L.C.LOGGING","0071559"
"LARRY PRUITT","0000000"
"LARRY WILKES","0070428"
"LD MCFARLAND CO.","     NA"
"LEE T SMITH LOGGING","0050420"
"LEIB & DETTWILER","     NA"
"LLOYD MASTRE","0070293"
"LLOYD MASTRE","0050450"
"LLOYD MASTRE LOGGING","0070293"
"LOG CONTRACTORS INC.","     NA"
"LOUIS BURRELL","0071013"
"LOUIS BURRELL","     NA"
"LOUISIANA PACIFIC","0043750"
"LOUISIANA PACIFIC","0000119"
"LOUISIANA PACIFIC","     NA"
"LOUISIANA PACIFIC","0000110"
"LOUISIANA PACIFIC","0000120"
"LOUISIANA PACIFIC CORP","0000100"
"LOUISIANA PACIFIC CORP","0000120"
"LOUISIANA PACIFIC CORP","0000110"
"LOUISIANA PACIFIC CORP","0000119"
"LOUISIANA PACIFIC CORP","     NA"
"LOUISIANA PACIFIC CORP","0000102"
"LOUISIANA PACIFIC CORP.","0000119"
"LOUISIANA PACIFIC CORP.","0000110"
"LOUISIANA PACIFIC CORP.","     NA"
"LOUISIANA PACIFIC CORP.","0000120"
"LOUISIANA PACIFIC CORP.","0000121"
"LOUISIANA-PACIFIC","0000100"
"LOUISIANA-PACIFIC","0000110"
"LOUISIANA-PACIFIC","     NA"
"LOUISIANA-PACIFIC","0000120"
"LOUISIANA-PACIFIC","0000119"
"LOUISIANA-PACIFIC COPR.","0000119"
"LOUISIANA-PACIFIC CORP","0000120"
"LOUISIANA-PACIFIC CORP","0000119"
"LOUISIANA-PACIFIC CORP.","0000110"
"LOUISIANA-PACIFIC CORP.","0000119"
"LP CORP","0000110"
"LTTLE TWIG FOR MGMT","     NA"
"MANER LOGGING","0070288"
"MARC DAUGHERTY","0070727"
"MARK DUNKEL","0071583"
"MARK DUNKEL","     NA"
"MARK OWENS","0071408"
"MARVIN E. MOE","0071653"
"MARVIN MOE","0071653"
"MCDONALD LOGGING","0050900"
"MCDONALD LOGGING CO","0050900"
"MERRITT BROS","0008400"
"MERRITT BROS LOGGING","0008400"
"MERRITT BROS LOGGING, INC","0008400"
"MERRITT BROS LUMBER CO","0008400"
"MERRITT BROS LUMBER CO","     NA"
"MERRITT BROS LUMBER CO,IN","0008400"
"MERRITT BROS LUMBER CO.","0008400"
"MERRITT BROS LUMBER COINC","0008400"
"MERRITT BROS.","0008400"
"MERRITT BROS. LUMBER CO.","0008400"
"MERRITT BROTHERS","0008400"
"MERRITT BROTHERS LOGGING","0008400"
"MERRITT BROTHERS LUMBER","0008400"
"MICHAEL BAILEY","0071533"
"MICHAEL BAILEY AND SONS","0071533"
"MICHAEL L SAGDAL","0071625"
"MICHAEL SAGDAL","0000000"
"MICHAEL SAGDAL","0071675"
"MICHAEL T BAILEY & SONS","0071533"
"MICHAEL T. BAILEY","0071533"
"MICHAEL T. BAILEY & SONS","0071533"
"MID MOUNTAIN","0071618"
"MID MOUNTAIN LAND","0071618"
"MID MOUNTAIN LAND &TIMBER","0071618"
"MID-MOUNTAIN LAND &TIMBER","0071618"
"MID-MTN LAND AND TIMBER","0071618"
"MIKE JELINEK","     NA"
"MIKE JOHNSON","0071036"
"MIKE SAGDAL","0071675"
"MILLER LOGGING","0071702"
"MONK BROS. INC.","     NA"
"MUNRO LOGGING","0070744"
"MUNRO LOGGING & CONST INC","0070744"
"MUNRO LOGGING & CONST.","0070744"
"MUNRO LOGGING & CONST.INC","0070744"
"N & N LOGGING","0000000"
"N KRIZENESKY","0070749"
"NICK CARVEY","0070077"
"NORBERT KRIZENESKY","     NA"
"NORBERT KRIZENESKY","0070749"
"NORMAN MORINITI","     NA"
"NORMAN MORINITI","0070750"
"NORTH BENCH","     NA"
"NORTHWEST HOUSELOGS","     NA"
"OWEN & HURST LBR. CO.,INC","0070317"
"OWENS & HURST","0070317"
"OWENS & HURST LBR","0070317"
"OWENS & HURST LBR CO","0070317"
"OWENS & HURST LMBR CO,INC","0070317"
"OWENS & HURST LMBR. CO.","0070317"
"OWENS & HURST LMBR.CO.INC","0070317"
"OWENS & HURST LUMBER","0070317"
"OWENS & HURST LUMBER CO","0070317"
"OWENS & HURST LUMBER CO.","0070317"
"OWENS AND HURST INC.","0070317"
"P-D LOGGING","0071548"
"P-D LOGGING","0050820"
"PACIFIC CROWN","0050190"
"PACIFIC CROWN FOREST PROD","0050190"
"PACIFIC CROWN TIMBER PROD","0050190"
"PAT KEARNEY LOGGING","0070242"
"PAT PETRIE","     NA"
"PAT PETRIE","0000000"
"PEND OREILLE SHAKE","0001739"
"PERSSON LOGGING","0070942"
"PETE ZARNOWSKI","0071062"
"PHIL SCHNEIDER","0071065"
"PHILLIPS DUFFY LOGGING","0043900"
"PHILLIPS DUFFY LOGGING","0071548"
"PHILLIPS-DUFFY LOGGING","0043900"
"PHILLIPS-DUFFY LOGGING","     NA"
"PINSON LOGGING","0070333"
"PLUM CREEK","0034700"
"PLUM CREEK","0002000"
"PLUM CREEK MANUFACTURING","0002000"
"PLUM CREEK MFG","0002000"
"PLUM CREEK MFG COMPANY","0002000"
"PLUM CREEK MFG INC","0002000"
"PLUM CREEK MFG INC","0000200"
"PLUM CREEK MFG INC.","0002000"
"PLUM CREEK MFG, INC","0002000"
"PLUM CREEK MFG, INC.","0002000"
"PLUM CREEK MFG.","0002000"
"PLUM CREEK MFG. INC.","0002000"
"PLUM CREEK MFG., INC.","0002000"
"PLUM CREEK MGF., INC.","0002000"
"PLUM CREEK TBR CO","0002000"
"PLUM CREEK TBR CO.","0034700"
"PLUM CREEK TIMBER","0002000"
"PLUM CREEK TIMBER CO","0002000"
"PLUM CREEK TIMBER CO INC.","0002000"
"PLUM CREEK TIMBER CO, INC","0002000"
"PLUM CREEK TIMBER CO.","0002000"
"PLUM CREEK TIMBER CO. INC","0002000"
"PLUM CREEK TIMBER CO.,INC","0002000"
"PLUM CREEK TIMBER CO.,LP","0002000"
"PLUM CREEK TIMBER COMPANY","0002000"
"PLUM CREEK TMBR CO","0002000"
"POTLATCH","0000605"
"POTLATCH CORP","0000605"
"POTLATCH CORP.","     NA"
"POTLATCH CORP.","0000605"
"POTLATCH CORPORATION","     NA"
"POTLATCH CORPORATION","0000605"
"POTLATCH CORPORATION","0000601"
"POTLATCH CORPORATION","0000600"
"POTLATCH CORPORATION","0000606"
"PRIEST LAKE LUMBER CO","0043890"
"R & R LOGGING","     NA"
"R & R LOGGING","0070337"
"R RICHARDSON","0070346"
"R S & R COMPANY","0071071"
"RALPH RICHARDSON","0070346"
"RAY DRAKE","0048380"
"RAY SINES","0000000"
"RAY TANGEN","0071780"
"RAY TANGEN, JR.","0071780"
"RAY TANGEN, JR.","0000000"
"RAYS LOGGING","0070446"
"REGEHR LOGGING","0070459"
"REGEHR LOGGONG","0070459"
"REGEHR TRUCKING","0070459"
"REGEHR TRUCKING INC","0070459"
"REGEHR TRUCKING INC.","0070459"
"REGERHR TRUCKING INC","0070459"
"REGULUS STUD","0040550"
"REGULUS STUD MILL","0040550"
"REGULUS STUD MILL INC","0040550"
"REGULUS STUD MILL, INC.","0040550"
"REGULUS STUD MILLS","0040550"
"REGULUS STUD MILLS INC","0040550"
"REGULUS STUD MILLS INC.","0040550"
"REGULUS STUD MILLS, INC","0040550"
"RICHARD JONES","     NA"
"RIEDLINGER INC.","0070785"
"RIEDLINGER, INC.","0070785"
"RILEY CREEK","0048260"
"RILEY CREEK","0060630"
"RILEY CREEK LMBR","0060630"
"RILEY CREEK LUMBER","0060630"
"RILEY CREEK LUMBER","0048260"
"RILEY CREEK LUMBER","     NA"
"RILEY CREEK LUMBER CO","0048260"
"RILEY CREEK LUMBER CO","0060630"
"RILEY CREEK LUMBER CO.","0048260"
"ROBERT DUNLAP","0071095"
"ROCKY MT HELICOPTERS INC","0087100"
"ROGER ADAMS","0071568"
"RON KRIZENESKY","0048100"
"RON KRIZENSKY","0048100"
"RON KRIZNESKY","0048100"
"RON MERCADO LOGGING","0000000"
"RORICH LOGGING","0071632"
"ROSS DIRKS","0071110"
"ROY MASTRE","0071115"
"RS&R COMPANY","0071071"
"RUSS LUNDIN","0071387"
"RUSTY YOUNG","0000000"
"S&W LOGGING","0071580"
"S&W LOGGING","     NA"
"SAGDAL LOGGING","0000000"
"SAGDAL LOGGING","0071675"
"SAM DOBLE LOGGING","0070814"
"SCHNUERLE BROS","0070362"
"SCHNUERLE BROS. INC","0040362"
"SCHNUERLE BROTHERS","0070362"
"SCHNUERLE BROTHERS INC.","0070362"
"SCOTT BURNHAM","0000000"
"SCOTT PERSSON","0071343"
"SCOTT PERSSON LOGGING","0071343"
"SHAMROCK INVESTMENT CO","     NA"
"SILVI LINE","0000000"
"SILVI-LINE INC","0000000"
"SKYLINE HELICOPTER","0071342"
"SMITH LOGGIG","0048270"
"SMITH LOGGING","0085568"
"SMITH LOGGING","0048270"
"SMITH LOGGING","0050540"
"SPENCER & VINION","0071127"
"SPENCER LOGGING","0070986"
"SQUAW CREEK LUMBER INC","0070373"
"STAN SWEET","0070384"
"STAN SWEET","     NA"
"STANLEY HARRINGTON","     NA"
"STEVE HENDERSON LOGGING","     NA"
"STEVE NOORT","     NA"
"STEVE SMITH","0048270"
"STEVE SMITH LOGGING","0048270"
"STEVEN SMITH LOGGING","0085568"
"STEVEN SMITH LOGGING","0048270"
"SUMMITT TIMBER","0005900"
"SUPERIOR LUMBER INC","0041470"
"TED BEAMIS","0071567"
"TED BUCK","0047700"
"TED BUCK","     NA"
"TIM MILLER","0071702"
"TIMBER SYSTEMS INC.","0071820"
"TIMBER SYSTEMS, INC.","     NA"
"TIMBER SYSTEMS, INC.","0071820"
"TIMOTHY J MILLER","0000000"
"TIMOTHY J. MILLER","     NA"
"TIMOTHY MILLER","0000000"
"TIMOTHY MILLER","     NA"
"TOM CHEFF","     NA"
"TOM KAYNE","0000000"
"TRENHOLM LOGGING","0047720"
"TRENHOLM LOGGING","     NA"
"TRICON TIMBER","0048470"
"TRICON TIMBER INC","0048470"
"TRICON TIMBER INC.","0048470"
"TRUMAN LOGGING","0070132"
"TRUMAN LOGGING INC","0070132"
"TRUMAN LOGGING INC.","0070132"
"TUCKER CONTRACTING CO","0070400"
"TYE KELLER","0071297"
"VANN LOGGING","0071882"
"VINCENT LOGGING INC.","0071265"
"VINCENT LOGGING, INC","     NA"
"W I","0020300"
"W I FOREST PRODUCTS","0020300"
"W I FOREST PRODUCTS L.P.","0020300"
"W I FOREST PRODUCTS LP","0020300"
"W-I","0020300"
"W-I FOREST PRODUCTS","0020300"
"W-I FOREST PRODUCTS","0020302"
"W-I FOREST PRODUCTS","0020303"
"W-I FOREST PRODUCTS","     NA"
"W-I FOREST PRODUCTS CO","0020300"
"W-I FOREST PRODUCTS INC","0020300"
"W-I FOREST PRODUCTS L P","0020300"
"W-I FOREST PRODUCTS L.P.","0020300"
"W-I FOREST PRODUCTS LP","0020300"
"W-I FOREST PRODUCTS LP","     NA"
"W-I FOREST PRODUCTS LP","0020302"
"W-I FOREST PRODUCTS, INC.","0020300"
"W-I FOREST PRODUCTS, L.P.","0020300"
"W-I FOREST PRODUCTS, L.P.","0020303"
"W-I FOREST PRODUCTS, LP","0020300"
"W-I FOREST PRODUCTS, LP","0020303"
"W-I FOREST PRODUCTS,L.P.","0020300"
"W.I.FOREST PRODUCTS,LP","0020300"
"WADE CLARY","0071619"
"WADE CLARY","     NA"
"WADE'S LOGGING","0071619"
"WADE'S LOGGING","0000000"
"WADES LOGGING & FIREWOOD","0071619"
"WALLACE JORDT","0070241"
"WALLACE JORDT & ASSOC","0070241"
"WAYNE MORGAN","0070303"
"WAYNE NEWCOMB","     NA"
"WAYNE T MORGAN","0070303"
"WAYNE WORKMAN","0070436"
"WEINGART LOGGING","     NA"
"WESCOR","0087230"
"WESCOR","0043910"
"WESCOR FOREST PROD","0043910"
"WESCOR FOREST PRODUCTS","0043910"
"WESCOR FOREST PRODUCTS","     NA"
"WESCOR FOREST PRODUCTS","0087230"
"WESCOR FOREST PRODUCTS CO","0043910"
"WESCOR FOREST PRODUCTS CO","     NA"
"WESCOR FORET PRODUCTS","0043910"
"WESTERN TIMBER","0011804"
"WESTERN TIMBER","0011805"
"WESTERN TIMBER CO","0011804"
"WESTERN TIMBER CO.","0011804"
"WHITE & BOCK LOGGING","0071464"
"WHITEMAN LUMBER CO","0000000"
"WHITTED & KEIFFER","0070423"
"WHITTED AND KEIFFER","0070423"
"WI FOREST PRODUCTS","0020300"
"WI FOREST PRODUCTS LP","0020300"
"WILLIAM ARNOLD","0050750"
"WILLIAM H. ROSS","0000000"
"WILLIAM O. WISE","0071439"
"WILLIAM S. CRISMORE","0070100"
"WILLIAM WISE","0071439"
"WILLIAM WISE","     NA"
"WOLFE LOGGING","     NA"
"WOLFE LOGGING INC","     NA"
"ZIMMERMAN LOGGING","0070470"
